{"cameraMode":{"drawMode":0,"name":"Shaded","section":"Shading Mode"},"sceneLighting":true,"audioPlay":false,"sceneViewState":{"showFog":true,"showMaterialUpdate":false,"showSkybox":true,"showFlares":true,"showImageEffects":true,"showParticleSystems":true},"in2DMode":false,"pivot":{"x":1.5464353561401368,"y":-1.4677571058273316,"z":-10.967416763305664},"rotation":{"x":0.1569593846797943,"y":-0.7514273524284363,"z":0.1929900199174881,"w":0.611132800579071},"size":6.692135334014893,"orthographic":false}